[
    {
        "name": "Dashboard",
        "icon": "DashboardIcon",
        "path": "/dashboard"
    },
    {
        "name": "ค้นหา",
        "icon": "SearchIcon",
        "subMenus": [
            {
                "name": "ค้นหาบุคคล",
                "path": "search/person"
            },
            {
                "name": "ค้นหารถ",
                "path": "search/car"
            },
            {
                "name": "ค้นหาVDO",
                "path": "search/video"
            }
        ]
    },
    {
        "name": "ข้อมูลพื้นฐาน",
        "icon": "StorageIcon",
        "subMenus": [
            {
                "name": "ข้อมูลบุคคล",
                "path": "info/person"
            },
            {
                "name": "ข้อมูลรถ",
                "path": "info/car"
            }
        ]
    },
    {
        "name": "ตั้งค่า",
        "icon": "SettingsIcon",
        "path": "#",
        "subMenus": [
            {
                "name": "ตั้งค่าระบบ",
                "path": "settings/system"
            },
            {
                "name": "จัดการสิทธิ์การใช้งาน",
                "path": "settings/usermanage/userlist"
            }
        ]
    }
]